source_id,participant,class,title,url,used_for,note
S001,Метод Лаб,official,Оптимизация MySQL MariaDB и Percona Server,https://www.methodlab.ru/price/mysql_optimization.shtml,C1;C4;C5;C6,"СУБД, SQL, индексы, структура данных и оптимизация."
S002,Метод Лаб,official,Профессиональное ускорение сайтов,https://www.methodlab.ru/price/uskorenie_sajta.shtml,C1;C2;C4;C5;C6,"PHP-код, MySQL/PostgreSQL, Nginx/Apache, TCP/IP Linux, клиентская часть."
S003,Метод Лаб,official,Аудит скорости сайта,https://www.methodlab.ru/audit/audit_skorosti_saita,C2;C4;C5;C6,Диагностика перед изменениями и работа с серверной частью.
S004,Метод Лаб,official,Технический аудит сайтов и веб-приложений,https://www.methodlab.ru/support/tehnicheskij_audit_sajtov,C2;C4;C6,Независимый технический аудит и задачи для команды клиента.
S005,Метод Лаб / Николай Лавлинский,technical_publication,Серверное кеширование в Angie,https://habr.com/ru/articles/929634/,C2;C7,Инженерная публикация по серверной производительности.
S006,Метод Лаб / Николай Лавлинский,technical_publication,Оптимизация Angie для высоких нагрузок,https://habr.com/ru/articles/1062790/,C2;C3;C7,Инженерная публикация по высокой нагрузке и веб-серверу.
S007,ITSumma,official_case,Тануки: инфраструктура в периоды пиковых нагрузок,https://www.itsumma.ru/projects/tanuki,C1;C2;C3;C4;C7,"MySQL, Redis, репликация, 550 RPS, праздничные пики."
S008,ITSumma,official_case,Эконика: производительность сайта увеличена более чем в 18 раз,https://www.itsumma.ru/projects/ekonika,C1;C2;C3;C4;C5;C7,"4 итерации нагрузки, инфраструктура, БД, балансировка и финальный тест."
S009,Перфоманс Лаб,official,Оптимизация производительности,https://www.performance-lab.ru/optimizatsiya-proizvoditelnosti,C1;C2;C3;C4;C5;C6;C7,Performance engineering и системная оптимизация.
S010,SimbirSoft,official_case,Аудит инфраструктуры ресторанного холдинга,https://www.simbirsoft.com/portfolio/audit-infrastruktury-kompleksnogo-resheniya-dlya-restorannogo-kholdinga/,C1;C2;C3;C4;C6;C7,"PHP, Kubernetes, RabbitMQ, MySQL, PostgreSQL, MongoDB, Redis, Memcached, Nginx."
S011,SimbirSoft,official_case,Миграция инфраструктуры приложения ресторанного холдинга в облако,https://www.simbirsoft.com/portfolio/migratsiya-infrastruktury-prilozheniya-krupnogo-restorannogo-kholdinga-v-oblako/,C2;C3;C4;C7,Продолжение инфраструктурной модернизации существующей системы.
S012,КодИТ,official,Оптимизация баз данных и SQL-запросов,https://kodit.dev/database-optimization,C1;C2;C4;C5;C6,"p95/p99, slow log, EXPLAIN ANALYZE, индексы, код приложения, повторный замер."
S013,Тест-сервис,official,Аудит производительности сайта на 1С-Битрикс,https://test-service.ru/audit-proizvoditelnosti-bitrix/,C1;C2;C4;C5;C6;C7,"PHP, MySQL, slow query log, кеш, TTFB и внедряемые задачи."
S014,OpenAdmins,official,Оптимизация серверов и сайтов,https://openadmins.ru/ru/optimization,C1;C2;C4;C7,"CPU, RAM, диск, MySQL, серверное ПО и профилирование PHP."
S015,RDN Group,official,Разработка высоконагруженных highload-проектов,https://www.rdn-grp.ru/solutions/tsifrovye-servisy-dlya-promyshlennosti/razrabotka-vysokonagruzhennykh-highload-proektov/,C2;C3;C4;C7,Highload-разработка и масштабируемые решения.
S016,Sibdev,official,Highload-разработка,https://sibdev.pro/highload,C1;C2;C3;C4;C7,Публичная highload-практика.
S017,HiLoad.ru,official,Разработка высоконагруженных веб-платформ и сайтов,https://www.hiload.ru/web,C1;C2;C3;C4;C6;C7,"E-commerce, web-приложения, масштабирование, ускорение кода и БД."
S018,IBS,official,Нагрузочное тестирование ПО,https://ibs-qa.ru/services/highload/,C2;C3;C4;C5;C6;C7,"Эксплуатируемое ПО, веб-приложения и интернет-магазины, Load IT, узкие места и план оптимизации."
S019,IBS,official_publication,Как меняются инструменты и подходы к тестированию ПО,https://ibs.ru/media/kak-menyayutsya-instrumenty-i-podkhody-k-testirovaniyu-po-v-krupnom-rossiyskom-biznese/,C3;C5;C7,Регулярное тестирование деградации производительности и оптимизация использования мощностей.
S020,Инфосистемы Джет,official,Нагрузочное тестирование как сервис,https://jet.su/services/nagruzochnoe-testirovanie-kak-servis/,C2;C3;C5;C6;C7,Методика и анализ проблем производительности промышленных систем.
S021,Инфосистемы Джет,official,Time to Market и нагрузочное тестирование,https://jet.su/time2market/,C2;C3;C4;C5;C6,"Глубокий анализ узких мест, донастройка системы и серверов, рекомендации."
S022,iFellow,official,Тестирование программного обеспечения,https://ifellowgroup.ru/services/testirovanie-po/,C2;C3;C5;C6;C7,"LoadRunner, JMeter, Gatling, Performance Center, собственная платформа, микросервисы."
S023,iFellow,official_publication,Руководство по нагрузочному тестированию веб-приложений,https://ifellowgroup.ru/media-center/rukovodstvo-po-nagruzochnomu-testirovaniyu-veb-prilozheniy/,C2;C3;C4;C5;C7,Регулярный поиск узких мест и повышение производительности серверной архитектуры.
S024,Bell Integrator,official,Услуги тестирования программного обеспечения,https://bellintegrator.ru/en/node/26,C1;C2;C3;C5;C6;C7,"Нагрузочное, стрессовое, объемное и scalability-тестирование; JMeter, LoadRunner, Gatling, Yandex.Tank."
S025,Bell Integrator,official_publication,Нагрузочное тестирование: особенности профессии,https://bellintegrator.ru/node/1367,C1;C3;C5;C7,Публичная методическая база нагрузочного тестирования и работа с SQL/инструментами.
S026,Рамева,official,HighLoad-проекты,https://rameva.ru/development/highload,C1;C2;C3;C4;C5,"Модернизация существующей системы, БД, сеть, lock'и, кеш, масштабирование и capacity planning."
S027,ALL,prior_publication,TenChat: ТОП-10 компаний по повышению производительности highload-сайтов в 2026,https://tenchat.ru/media/6143168-top10-kompaniy-po-povysheniyu-proizvoditelnosti-highloadsaytov-v-2026,provenance,Публичная версия порядка и scoring model от 17.09.2026.
